key,en,zh
app.name,Goblin Hero,Goblin Hero
app.subtitle,Mine Cave Adventure,çŸ¿æ´æ¢é™©æ¸¸æˆ
home.personal_records,ğŸ† Personal Records,ğŸ† ä¸ªäººè®°å½•
home.best_round,Best Round,æœ€ä½³è¿›åº¦
home.total_coins,Total Coins,å†å²æœ€å¤šé‡‘å¸
home.start_game,Start Game,å¼€å§‹æ¸¸æˆ
home.stamina_insufficient,Insufficient Stamina,ä½“åŠ›ä¸è¶³
stores.paid_store,Paid Store,ä»˜è´¹å•†åŸ
stores.diamond_store,Diamond Store,é’»çŸ³å•†åŸ
stores.daily_sign_in,Daily Sign In,ä¸ƒæ—¥ç­¾åˆ°
store.tabs.goblins,Goblins,å“¥å¸ƒæ—
store.tabs.stamina,Stamina,ä½“åŠ›
store.tabs.diamonds,Diamonds,é’»çŸ³
store.goblins.all_unlocked,All goblins are unlocked!,æ‰€æœ‰å“¥å¸ƒæ—å·²è§£é”ï¼
store.goblins.unlock_title,Unlock Goblin,è§£é”å“¥å¸ƒæ—
store.goblins.unlock_message,Spend {price} ğŸ’ to unlock {name}?,æ˜¯å¦èŠ±è´¹ {price} ğŸ’ è§£é” {name}ï¼Ÿ
store.goblins.insufficient_diamonds,"Insufficient diamonds! Need {price} ğŸ’, currently have {current} ğŸ’.",é’»çŸ³ä¸è¶³ï¼éœ€è¦ {price} ğŸ’ï¼Œå½“å‰åªæœ‰ {current} ğŸ’ã€‚
store.stamina.current,Current Stamina,å½“å‰ä½“åŠ›
store.stamina.purchase_title,Purchase Stamina,è´­ä¹°ä½“åŠ›
store.stamina.purchase_message,Spend {diamonds} ğŸ’ to purchase {stamina} stamina?,æ˜¯å¦èŠ±è´¹ {diamonds} ğŸ’ è´­ä¹° {stamina} ä½“åŠ›ï¼Ÿ
store.stamina.insufficient_diamonds,"Insufficient diamonds! Need {diamonds} ğŸ’, currently have {current} ğŸ’.",é’»çŸ³ä¸è¶³ï¼éœ€è¦ {diamonds} ğŸ’ï¼Œå½“å‰åªæœ‰ {current} ğŸ’ã€‚
store.stamina.buy,Buy,è´­ä¹°
store.diamonds.current,Current Diamonds,å½“å‰é’»çŸ³
store.diamonds.coming_soon,Coming Soon,åŠŸèƒ½å¼€å‘ä¸­
store.diamonds.description,Diamond purchase feature will be available soon!,é’»çŸ³è´­ä¹°åŠŸèƒ½å³å°†ä¸Šçº¿ï¼
store.diamonds.free,FREE,å…è´¹
store.diamonds.claim,Claim,é¢†å–
store.diamonds.claimed,Claimed Today,ä»Šæ—¥å·²é¢†å–
store.diamonds.buy,Buy,è´­ä¹°
store.diamonds.purchase,Purchase,è´­ä¹°
store.diamonds.purchase_title,Purchase Diamonds,è´­ä¹°é’»çŸ³
store.diamonds.purchase_message,Purchase {diamonds} ğŸ’ for ${price}?,æ˜¯å¦èŠ±è´¹ ${price} è´­ä¹° {diamonds} ğŸ’ï¼Ÿ
store.diamonds.free_daily_message,Claim {diamonds} ğŸ’ for free today?,æ˜¯å¦é¢†å–ä»Šæ—¥å…è´¹ {diamonds} ğŸ’ï¼Ÿ
settings.title,âš™ï¸ Settings,âš™ï¸ è®¾ç½®
settings.difficulty_settings,Difficulty Settings,éš¾åº¦è®¾ç½®
settings.current,Current,å½“å‰
settings.language,Language,è¯­è¨€
settings.exit_game,Exit Game,é€€å‡ºæ¸¸æˆ
settings.back_to_home,Back to Home,è¿”å›é¦–é¡µ
settings.close,Close,å…³é—­
settings.music,Music,éŸ³ä¹
settings.music_description,Enable background music,å¼€å¯èƒŒæ™¯éŸ³ä¹
settings.sound_effects,Sound Effects,éŸ³æ•ˆ
settings.sound_effects_description,Enable game sound effects,å¼€å¯æ¸¸æˆéŸ³æ•ˆ
settings.privacy_policy,Privacy Policy,éšç§æ”¿ç­–
settings.privacy_policy_description,View our privacy policy,æŸ¥çœ‹æˆ‘ä»¬çš„éšç§æ”¿ç­–
settings.privacy_policy_content,"Privacy Policy

Last Updated: [Date]

1. Information We Collect
We collect information you provide directly to us, such as when you create an account, make a purchase, or contact us for support.

2. How We Use Your Information
We use the information we collect to provide, maintain, and improve our services, process transactions, and communicate with you.

3. Information Sharing
We do not sell, trade, or otherwise transfer your personal information to third parties without your consent.

4. Data Security
We implement appropriate security measures to protect your personal information.

5. Your Rights
You have the right to access, update, or delete your personal information at any time.

6. Contact Us
If you have any questions about this Privacy Policy, please contact us at support@example.com.","éšç§æ”¿ç­–

æœ€åæ›´æ–°ï¼š[æ—¥æœŸ]

1. æˆ‘ä»¬æ”¶é›†çš„ä¿¡æ¯
æˆ‘ä»¬æ”¶é›†æ‚¨ç›´æ¥æä¾›ç»™æˆ‘ä»¬çš„ä¿¡æ¯ï¼Œä¾‹å¦‚å½“æ‚¨åˆ›å»ºè´¦æˆ·ã€è¿›è¡Œè´­ä¹°æˆ–è”ç³»æˆ‘ä»¬å¯»æ±‚æ”¯æŒæ—¶ã€‚

2. æˆ‘ä»¬å¦‚ä½•ä½¿ç”¨æ‚¨çš„ä¿¡æ¯
æˆ‘ä»¬ä½¿ç”¨æ”¶é›†çš„ä¿¡æ¯æ¥æä¾›ã€ç»´æŠ¤å’Œæ”¹è¿›æˆ‘ä»¬çš„æœåŠ¡ï¼Œå¤„ç†äº¤æ˜“ï¼Œå¹¶ä¸æ‚¨æ²Ÿé€šã€‚

3. ä¿¡æ¯å…±äº«
æœªç»æ‚¨åŒæ„ï¼Œæˆ‘ä»¬ä¸ä¼šå‘ç¬¬ä¸‰æ–¹å‡ºå”®ã€äº¤æ˜“æˆ–ä»¥å…¶ä»–æ–¹å¼è½¬è®©æ‚¨çš„ä¸ªäººä¿¡æ¯ã€‚

4. æ•°æ®å®‰å…¨
æˆ‘ä»¬å®æ–½é€‚å½“çš„å®‰å…¨æªæ–½æ¥ä¿æŠ¤æ‚¨çš„ä¸ªäººä¿¡æ¯ã€‚

5. æ‚¨çš„æƒåˆ©
æ‚¨æœ‰æƒéšæ—¶è®¿é—®ã€æ›´æ–°æˆ–åˆ é™¤æ‚¨çš„ä¸ªäººä¿¡æ¯ã€‚

6. è”ç³»æˆ‘ä»¬
å¦‚æœæ‚¨å¯¹æ­¤éšç§æ”¿ç­–æœ‰ä»»ä½•ç–‘é—®ï¼Œè¯·é€šè¿‡ support@example.com è”ç³»æˆ‘ä»¬ã€‚"
settings.contact_us,Contact Us,è”ç³»æˆ‘ä»¬
settings.contact_us_description,Get in touch with us,ä¸æˆ‘ä»¬å–å¾—è”ç³»
settings.contact_us_content,"We'd love to hear from you!

If you have any questions, feedback, or need support, please reach out to us via email.","æˆ‘ä»¬å¾ˆä¹æ„å¬åˆ°æ‚¨çš„å£°éŸ³ï¼

å¦‚æœæ‚¨æœ‰ä»»ä½•é—®é¢˜ã€åé¦ˆæˆ–éœ€è¦æ”¯æŒï¼Œè¯·é€šè¿‡ç”µå­é‚®ä»¶ä¸æˆ‘ä»¬è”ç³»ã€‚"
difficulty.select_title,ğŸ® Select Difficulty,ğŸ® é€‰æ‹©éš¾åº¦
difficulty.select_hint,Choose a challenge difficulty that suits you,é€‰æ‹©é€‚åˆä½ çš„æŒ‘æˆ˜éš¾åº¦
difficulty.initial_rent,Initial Rent,åˆå§‹æˆ¿ç§Ÿ
difficulty.increase,Increase,é€’å¢
difficulty.easy,Easy,ç®€å•
difficulty.normal,Normal,æ™®é€š
difficulty.hard,Hard,å›°éš¾
difficulty.extreme,Extreme,æé™
rarity.common,Common,æ™®é€š
rarity.rare,Rare,ç¨€æœ‰
rarity.epic,Epic,å²è¯—
rarity.legendary,Legendary,ä¼ è¯´
symbol_type.fruit,Fruit,æ°´æœ
symbol_type.coin,Coin,é‡‘å¸
symbol_type.animal,Animal,åŠ¨ç‰©
symbol_type.special,Special,ç‰¹æ®Š
symbol_type.gem,Gem,å®çŸ³
symbol_type.magic,Magic,é­”æ³•
game.start,Start,å¼€å§‹
game.spin,Spin,æ—‹è½¬
game.round,Round,å›åˆ
game.remaining,Remaining,å‰©ä½™
game.times,Times,æ¬¡
game.coins,Coins,é‡‘å¸
game.stamina,Stamina,ä½“åŠ›
game.rent,ğŸ  Rent,ğŸ  æˆ¿ç§Ÿ
game.ore,ğŸª¨ Ore,ğŸª¨ çŸ¿çŸ³
game.empty,Empty,ç©º
game.roll_dice,Roll Dice,æ·éª°å­
game.roll_single_dice,Roll Dice (1-6),æ·éª°å­ (1-6)
game.roll_multiple_dice,Roll {count} Dice,æ·{count}ä¸ªéª°å­
game.my_symbol_pool,My Symbol Pool ({count}),æˆ‘çš„ç¬¦å·æ±  ({count})
game.active_bonds,Active Bonds,æ¿€æ´»ç¾ç»Š
game.select_first_symbol,ğŸ¯ Select Your First Symbol,ğŸ¯ é€‰æ‹©ä½ çš„ç¬¬ä¸€ä¸ªç¬¦å·
game.select_symbol,ğŸ¯ Select a Symbol,ğŸ¯ é€‰æ‹©ä¸€ä¸ªç¬¦å·
game.first_round_hint,Select symbol to start your first round,é€‰æ‹©ç¬¦å·å¼€å§‹ä½ çš„ç¬¬ä¸€å›åˆ
game.symbol_hint,Select symbol to increase its appearance probability,é€‰æ‹©ç¬¦å·å°†å¢åŠ å®ƒåœ¨è€è™æœºä¸­å‡ºç°çš„æ¦‚ç‡
game.symbol_value,ğŸ’° {value} Coins,ğŸ’° {value} é‡‘å¸
game.debug_panel,ğŸ” Debug Panel,ğŸ” è°ƒè¯•é¢æ¿
game.settlement_logs,Settlement Logs,ç»“ç®—æ—¥å¿—
game.board_status,Board Status,æ£‹ç›˜çŠ¶æ€
game.no_logs,"No settlement logs yet
Logs will appear after rolling dice","æš‚æ— ç»“ç®—æ—¥å¿—
æ·éª°å­åä¼šæ˜¾ç¤ºç»“ç®—è¿‡ç¨‹"
game.hide,Hide,éšè—
game.show,Show,é€è§†
game.copy,Copy,å¤åˆ¶
game.difficulty.easy,Easy,ç®€å•
game.difficulty.normal,Normal,æ™®é€š
game.difficulty.hard,Hard,å›°éš¾
game.difficulty.extreme,Extreme,æé™
goblin.select_title,ğŸ­ Select Your Goblin,ğŸ­ é€‰æ‹©ä½ çš„å“¥å¸ƒæ—
goblin.swipe_hint,Swipe left/right to view different goblins,å·¦å³æ»‘åŠ¨æŸ¥çœ‹ä¸åŒå“¥å¸ƒæ—
goblin.select,Select,é€‰æ‹©
goblin.unlock,Unlock,è§£é”
goblin.unlock_price,Unlock Price,è§£é”ä»·æ ¼
goblin.free,Free,å…è´¹
goblin.price_suffix,Coins,é‡‘å¸
goblin.special_ability,Special Ability,ç‰¹æ®Šèƒ½åŠ›
goblin.unlock_confirm,Spend,æ˜¯å¦èŠ±è´¹
goblin.insufficient_coins,Insufficient coins,é‡‘å¸ä¸è¶³
goblin.need,Need,éœ€è¦
goblin.current,Current,å½“å‰åªæœ‰
goblin.unlock_goblin,Unlock Goblin,è§£é”å“¥å¸ƒæ—
goblin.confirm_unlock,Confirm Unlock,ç¡®è®¤è§£é”
game_over.title,ğŸ˜¢ Game Over,ğŸ˜¢ æ¸¸æˆç»“æŸ
game_over.survival_rounds,Survival Rounds,å­˜æ´»å›åˆ
game_over.final_coins,Final Coins,æœ€ç»ˆé‡‘å¸
game_over.total_coins,Total Coins,ç´¯è®¡é‡‘å¸
game_over.play_again,Play Again!,å†æ¥ä¸€æ¬¡ï¼
confirmations.exit_game,Exit Game,é€€å‡ºæ¸¸æˆ
confirmations.exit_message,Are you sure you want to exit the current game and return to the home screen?,ç¡®å®šè¦é€€å‡ºå½“å‰æ¸¸æˆå¹¶è¿”å›é¦–é¡µå—ï¼Ÿ
confirmations.cancel,Cancel,å–æ¶ˆ
confirmations.confirm,Confirm,ç¡®å®š
confirmations.confirm_exit,Confirm Exit,ç¡®å®šé€€å‡º
confirmations.back_to_home,Back to Home,è¿”å›é¦–é¡µ
status.coming_soon,Coming Soon...,åŠŸèƒ½å¼€å‘ä¸­...
status.recovering,Recovering...,æ¢å¤ä¸­...
earnings.coins,Coins,é‡‘å¸
earnings.round_start,Round Start,å›åˆå¼€å§‹
earnings.next_round_bonus,Next Round Bonus,ä¸‹å›åˆå¥–åŠ±
launch.loading,Loading...,æ­£åœ¨åŠ è½½...
story.skip,Skip,è·³è¿‡
story.next,Next,ä¸‹ä¸€æ­¥
story.previous,Previous,ä¸Šä¸€æ­¥
story.start,Start,å¼€å§‹æ¸¸æˆ
story.page1.title,Welcome to the Goblin World,æ¬¢è¿æ¥åˆ°å“¥å¸ƒæ—ä¸–ç•Œ
story.page1.content,"Long ago, the various civilized forces in the world had been entangled in conflicts for hundreds of years, never ceasing.",åœ¨å¾ˆä¹…ä»¥å‰ï¼Œä¸–ç•Œä¸Šå„æ–¹æ–‡æ˜åŠ¿åŠ›å·²ç»ç¼ æ–—æ•°ç™¾å¹´ï¼Œä»æœªåœæ­¢
story.page2.title,Mine and Collect,æŒ–æ˜ä¸æ”¶é›†
story.page2.content,"But one day, an alien civilization invaded this world. They ruthlessly wiped out the civilizations that had existed for thousands of years, leaving nothing behind.",å¯æœ‰ä¸€å¤©ï¼Œå¤–æ˜Ÿæ–‡æ˜å…¥ä¾µäº†è¿™ä¸ªä¸–ç•Œã€‚å®ƒä»¬æ‰€åˆ°ä¹‹å¤„ï¼Œå¯¸è‰ä¸ç”Ÿã€‚æŠŠå­˜åœ¨æ•°åƒå¹´çš„æ–‡æ˜æ— æƒ…åœ°æ‘§æ¯çš„ä¸€å¹²äºŒå‡€ã€‚
story.page3.title,Survive and Thrive,ç”Ÿå­˜ä¸ç¹è£
story.page3.content,All races were also turned into symbols by alien rays and buried deep underground.,å„ä¸ªç§æ—è¿˜è¢«å¤–æ˜Ÿå°„çº¿å˜æˆäº†ç¬¦å·ï¼Œè¢«æ·±åŸ‹åœ¨äº†åœ°åº•
story.page4.title,Bonds and Synergies,ç¾ç»Šä¸ååŒ
story.page4.content,"After the war, the goblins living in the caves escaped the disaster. By the time they realized what had happened, they were the only remaining race in the world.",æˆ˜äº‰ç»“æŸåï¼Œå±…ä½åœ¨æ´ç©´é‡Œçš„å“¥å¸ƒæ—é€ƒè¿‡äº†ä¸€åŠ«ã€‚ç­‰åˆ°ä»–ä»¬å‘è§‰æ—¶ï¼Œä¸–ç•Œä¸Šåªå‰©ä¸‹äº†å“¥å¸ƒæ—è¿™ä¸€ä¸ªæ—ç¾¤
story.page5.title,Begin Your Journey,å¼€å§‹ä½ çš„æ—…ç¨‹
story.page5.content,All hope rests on the goblins. They have decided to dig up all the symbols from underground to save the living beings and gain more gold coins to rebuild civilization.,æ‰€æœ‰çš„å¸Œæœ›éƒ½å¯„æ‰˜åœ¨äº†å“¥å¸ƒæ—èº«ä¸Šï¼Œå“¥å¸ƒæ—ä»¬å†³å®šè¦æŠŠæ‰€æœ‰ç¬¦å·éƒ½ä»åœ°åº•æŒ–å‡ºï¼Œæ‹¯æ•‘ç”Ÿçµã€‚ä»¥åŠè·å–æ›´å¤šé‡‘å¸é‡å»ºæ–‡æ˜ã€‚
tutorial.skip,Skip,è·³è¿‡
tutorial.next,Next,ä¸‹ä¸€æ­¥
tutorial.previous,Previous,ä¸Šä¸€æ­¥
tutorial.complete,Got it!,çŸ¥é“äº†ï¼
tutorial.step1.title,Start Game,å¼€å§‹æ¸¸æˆ
tutorial.step1.description,"Click here to take control of the goblins for digging expeditionsâ€”unearth more symbols, form more bonds, and earn more gold coins!",ç‚¹å‡»è¿™é‡Œå¼€å§‹æ§åˆ¶å“¥å¸ƒæ—è¿›è¡ŒæŒ–æ˜æ¢é™©ï¼ŒæŒ–å‡ºæ›´å¤šç¬¦å·ï¼Œç»„æˆæ›´å¤šç¾ç»Šï¼Œèµšå–æ›´å¤šé‡‘å¸ï¼
tutorial.step2.title,Explore the Shop,é€›é€›å•†åº—
tutorial.step2.description,Click here to browse the diverse array of goods. You can get plenty of useful items for your digging endeavors!,ç‚¹å‡»è¿™é‡Œå¯ä»¥æ¢ç´¢ç³ç…æ»¡ç›®çš„å•†åº—ã€‚ä½ å¯ä»¥åœ¨è¿™é‡Œè·å–å¾ˆå¤šå¯¹æŒ–æ˜æœ‰ç”¨çš„ä¸œè¥¿ï¼
tutorial.step3.title,7-Day sign-in,ä¸ƒæ—¥ç­¾åˆ°
tutorial.step3.description,Click here to log in and check in daily. A huge number of rewards will be given to you for free!,ç‚¹å‡»è¿™é‡Œå¯ä»¥è¿›è¡Œæ¯æ—¥ç™»å½•ç­¾åˆ°ã€‚ä¼šæœ‰å¤§é‡å¥–åŠ±å…è´¹èµ é€ç»™ä½ ï¼
sign_in.title,7-Day Sign In,ä¸ƒæ—¥ç­¾åˆ°
sign_in.subtitle,Sign in daily to claim amazing rewards!,æ¯æ—¥ç­¾åˆ°é¢†å–ä¸°åšå¥–åŠ±ï¼
sign_in.day,Day,ç¬¬
sign_in.button.sign_in,Sign In,ç«‹å³ç­¾åˆ°
sign_in.button.signed,Already Signed In,ä»Šæ—¥å·²ç­¾åˆ°
sign_in.hint.can_sign,Tap to claim today's reward,ç‚¹å‡»é¢†å–ä»Šæ—¥å¥–åŠ±
sign_in.hint.signed,Come back tomorrow for more rewards!,æ˜å¤©å†æ¥é¢†å–æ›´å¤šå¥–åŠ±ï¼
sign_in.status.claimed,Claimed,å·²é¢†å–
sign_in.status.today,Today,ä»Šæ—¥
sign_in.reward_type.diamonds,Diamonds,é’»çŸ³
sign_in.reward_type.coins,Coins,é‡‘å¸
sign_in.reward_type.stamina,Stamina,ä½“åŠ›
sign_in.reward_detail,Reward Details,å¥–åŠ±è¯¦æƒ…
goblins.warrior_goblin.name,Warrior Goblin,å‹‡è€…å“¥å¸ƒæ—
goblins.warrior_goblin.buff,+1 coin for each symbol eliminated,æ¯æœ‰ä¸€ä¸ªç¬¦å·è¢«æ¶ˆé™¤ï¼Œåˆ™+1é‡‘å¸
goblins.warrior_goblin.description,A brave warrior who earns extra coins for each symbol eliminated,å‹‡çŒ›çš„æˆ˜å£«ï¼Œæ¯æ¬¡æ¶ˆé™¤ç¬¦å·éƒ½èƒ½é¢å¤–è·å¾—é‡‘å¸å¥–åŠ±
goblins.craftsman_goblin.name,Craftsman Goblin,å·¥åŒ å“¥å¸ƒæ—
goblins.craftsman_goblin.buff,Extra symbol choice opportunity each round,æ¯å›åˆå¢åŠ ä¸€æ¬¡è·å¾—ç¬¦å·3é€‰1çš„æœºä¼š
goblins.craftsman_goblin.description,A skilled craftsman who provides extra symbol choice opportunities each round,æŠ€è‰ºç²¾æ¹›çš„å·¥åŒ ï¼Œèƒ½åœ¨æ¯å›åˆæä¾›é¢å¤–çš„ç¬¦å·é€‰æ‹©æœºä¼š
goblins.gambler_goblin.name,Gambler Goblin,èµŒå¾’å“¥å¸ƒæ—
goblins.gambler_goblin.buff,Double dice probability,æŒ–åˆ°éª°å­æ¦‚ç‡ç¿»å€
goblins.gambler_goblin.description,A lucky gambler who doubles the probability of finding dice,è¿æ°”æä½³çš„èµŒå¾’ï¼Œèƒ½å¤Ÿæé«˜æŒ–åˆ°éª°å­çš„æ¦‚ç‡
goblins.king_goblin.name,King Goblin,å›½ç‹å“¥å¸ƒæ—
goblins.king_goblin.buff,+10 coins for each soldier,æ¯æœ‰ä¸€ä¸ªå£«å…µï¼Œé¢å¤–è·å¾—10é‡‘å¸
goblins.king_goblin.description,A noble king whose soldiers create wealth for him,å°Šè´µçš„å›½ç‹ï¼Œéº¾ä¸‹æ¯ä¸ªå£«å…µéƒ½èƒ½ä¸ºå…¶åˆ›é€ è´¢å¯Œ
goblins.wizard_goblin.name,Wizard Goblin,å·«å¸ˆå“¥å¸ƒæ—
goblins.wizard_goblin.buff,Randomly fill 1 magic bag before mining each round,æ¯å›åˆæŒ–çŸ¿ä¹‹å‰éšæœºå¡«å……1ä¸ªé­”æ³•è¢‹
goblins.wizard_goblin.description,A mysterious wizard who fills magic bags before mining each round,ç¥ç§˜çš„å·«å¸ˆï¼Œåœ¨æŒ–çŸ¿å‰ä¼šæ–½å±•é­”æ³•å¡«å……é­”æ³•è¢‹
symbols.child.name,Child,å„¿ç«¥
symbols.child.description,Obtain 1 <color=#080909>Nun</color>,è·å¾—ä¸€ä¸ª<color=#080909>ä¿®å¥³</color>
symbols.merchant.name,Merchant,å•†äºº
symbols.merchant.description,"Remove the symbol with the highest rarity among all <color=#E74875>#Materials</color>, and gain gold coins equal to its base value + 50",æ¶ˆé™¤ç¨€æœ‰åº¦æœ€é«˜çš„ä¸€ä¸ª<color=#E74875>#ææ–™</color>ç¬¦å·ï¼Œè·å¾—å…¶åŸºç¡€ä»·å€¼+50çš„é‡‘å¸
symbols.barbarian.name,Barbarian,é‡è›®äºº
symbols.barbarian.description,"For each <color=#E74875>#Alien</color> symbol in the symbol pool, lose 5 gold coins; for each <color=#E74875>#Monster</color> symbol, gain 20 gold coins",ç¬¦å·æ± é‡Œæ¯æ‹¥æœ‰ä¸€ä¸ª<color=#E74875>#å¤–æ˜Ÿ</color>ç¬¦å·ï¼Œé‡‘å¸-5ï¼Œæ¯æ‹¥æœ‰ä¸€ä¸ª<color=#E74875>#æ€ªç‰©</color>ç¬¦å·ï¼Œé‡‘å¸+20
symbols.farmer.name,Farmer,å†œæ°‘
symbols.farmer.description,Obtain 5 random <color=#E74875>#Tools</color> symbols,è·å¾—5ä¸ªéšæœº<color=#E74875>#å·¥å…·</color>ç¬¦å·
symbols.soldier.name,Soldier,å£«å…µ
symbols.soldier.description,"Get a <color=#080909>Rune Armor</color> or <color=#080909>Alien Helmet</color>",è·å¾—ä¸€ä¸ª<color=#080909>ç¬¦æ–‡é“ ç”²</color>æˆ–<color=#080909>å¤–æ˜Ÿå¤´ç›”</color>
symbols.village_chief.name,Village Chief,æ‘é•¿
symbols.village_chief.description,Obtain 5 random <color=#E74875>#Humans</color> symbols and gain 10 gold coins,è·å¾— 5 ä¸ªéšæœº<color=#E74875>#äººç±»</color> ç¬¦å·ï¼Œé‡‘å¸+10
symbols.forest_fairy.name,Forest Sprite,æ£®æ—å¦–ç²¾
symbols.forest_fairy.description,Remove all <color=#147ED9>Dark Moon Sprites</color> from the symbol pool; gain 100 gold coins per sprite eliminated,æ¶ˆé™¤ç¬¦å·æ± çš„æ‰€æœ‰<color=#147ED9>æš—æœˆå¦–ç²¾</color>ï¼Œæ¯æ¶ˆç­1ä¸ªè·å¾—100é‡‘å¸
symbols.dark_moon_fairy.name,Dark Moon Sprite,æš—æœˆå¦–ç²¾
symbols.dark_moon_fairy.description,Remove all <color=#147ED9>Starlight Sprites</color> from the symbol pool; gain 100 gold coins per sprite eliminated,æ¶ˆé™¤ç¬¦å·æ± é‡Œæ‰€æœ‰<color=#147ED9>æ˜Ÿå…‰å¦–ç²¾</color>ï¼Œæ¯æ¶ˆç­1ä¸ªè·å¾—100é‡‘å¸
symbols.starlight_fairy.name,Starlight Sprite,æ˜Ÿå…‰å¦–ç²¾
symbols.starlight_fairy.description,Remove all <color=#147ED9>Forest Sprites</color> from the symbol pool; gain 100 gold coins per sprite eliminated,æ¶ˆé™¤ç¬¦å·æ± é‡Œæ‰€æœ‰<color=#147ED9>æ£®æ—å¦–ç²¾</color>ï¼Œæ¯æ¶ˆç­1ä¸ªè·å¾—100é‡‘å¸
symbols.healer.name,Healer,æ²»ç–—å¸ˆ
symbols.healer.description,"Obtain 1 each of <color=#080909>Holy Vial</color>, <color=#080909>Battery</color>, and <color=#080909>Medkit</color>",è·å¾—<color=#080909>åœ£ç“¶</color>ï¼Œ<color=#080909>ç”µæ± </color>ï¼Œ<color=#080909>åŒ»ç–—åŒ…</color>å„ä¸€ä¸ª
symbols.paladin.name,Paladin,åœ£éª‘å£«
symbols.paladin.description,Obtain 3 random <color=#E74875>#Human</color> symbols. Remove all <color=#E74875>#Monsters</color> from the symbol pool; gain 100 gold coins per monster eliminated,è·å¾—3ä¸ªéšæœº<color=#E74875>#äººç±»</color>ç¬¦å·ã€‚æ¶ˆé™¤ç¬¦å·æ± é‡Œæ‰€æœ‰<color=#E74875>#æ€ªç‰©</color>ï¼Œæ¯ä¸ªè·å¾—é‡‘å¸ 100
symbols.nun.name,Nun,ä¿®å¥³
symbols.nun.description,Obtain 1 <color=#080909>Cross</color>,è·å¾—1ä¸ª<color=#080909>åå­—æ¶</color>
symbols.ancient_tree_elder.name,Ancient Tree Elder,å¤æ ‘é•¿è€
symbols.ancient_tree_elder.description,Add 1 <color=#080909>Earth Elemental</color> to the symbol pool,ç”Ÿæˆä¸€ä¸ª<color=#080909>åœŸå…ƒç´ </color>åˆ°ç¬¦å·æ± 
symbols.thief.name,Thief,ç›—è´¼
symbols.thief.description,Obtain 2 <color=#E74875>#Tools</color> symbols that you do not currently own,è·å¾— 2ä¸ªæœªæ‹¥æœ‰çš„<color=#E74875>#å·¥å…·</color>ç¬¦å·
symbols.princess.name,Princess,å…¬ä¸»
symbols.princess.description,"If there are 5 different <color=#E74875>#Humans</color> symbols in the symbol pool, obtain 1 <color=#AA2ABB>Paladin</color>",å¦‚æœç¬¦å·æ± é‡Œæœ‰5 ä¸ªä¸ä¸€æ ·çš„<color=#E74875>#äººç±»</color>ç¬¦å·ï¼Œè·å¾—ä¸€ä¸ª<color=#AA2ABB>åœ£éª‘å£«</color>
symbols.vampire.name,Vampire,å¸è¡€é¬¼
symbols.vampire.description,Eliminate 5 <color=#E74875>#Humans</color> from the symbol pool to get 10 random <color=#E74875>#Materials</color> symbols.,æ¶ˆé™¤ç¬¦å·æ± é‡Œ5 ä¸ª<color=#E74875>#äººç±»</color>ï¼Œè·å¾— 10 ä¸ªä»»æ„<color=#E74875>#ææ–™</color>ç¬¦å·
symbols.hunter.name,Hunter,çŒäºº
symbols.hunter.description,Get 2 random <color=#E74875>#Equipment</color> symbols. Gain 200 gold coins from the <color=#AA2ABB>Vampires</color> in the symbol pool and yourself.,è·å¾— 2ä¸ªéšæœº<color=#E74875>#è£…å¤‡</color>ç¬¦å·ã€‚ä»æ¶ˆé™¤ç¬¦å·æ± çš„<color=#AA2ABB>å¸è¡€é¬¼</color>å’Œè‡ªèº«ï¼Œè·å¾—200é‡‘å¸
symbols.female_ninja.name,Female Ninja,å¥³å¿è€…
symbols.female_ninja.description,"Never appears in the mine. If there is a <color=#080909>Male Ninja</color> in the symbol pool, eliminate all <color=#147ED9>Zombies</color> from the symbol pool.",ä¸ä¼šå‡ºç°åœ¨çŸ¿æ´é‡Œã€‚å¦‚æœç¬¦å·æ± é‡ŒåŒæ—¶å­˜åœ¨<color=#080909>ç”·å¿è€…</color>ï¼Œåˆ™æ¸…é™¤ç¬¦å·æ± é‡Œæ‰€æœ‰<color=#147ED9>ä¸§å°¸</color>
symbols.male_ninja.name,Male Ninja,ç”·å¿è€…
symbols.male_ninja.description,"Never appears in the mine. If there is a <color=#080909>Female Ninja</color> in the symbol pool, eliminate all <color=#147ED9>Zombies</color> from the symbol pool at the start of each round.",ä¸ä¼šå‡ºç°åœ¨çŸ¿æ´é‡Œã€‚å¦‚æœç¬¦å·æ± é‡ŒåŒæ—¶å­˜åœ¨<color=#080909>å¥³å¿è€…</color>ï¼Œåˆ™åœ¨æ¯å›åˆå¼€å§‹æ—¶æ¸…é™¤ç¬¦å·æ± é‡Œæ‰€æœ‰<color=#147ED9>ä¸§å°¸</color>
symbols.god_of_strength.name,God of Strength,åŠ›ä¹‹ç¥
symbols.god_of_strength.description,+300 gold coins for the next gold gain. Removed from the symbol pool after being dug up (eliminate yourself).,ä¸‹æ¬¡é‡‘å¸æ”¶ç›Š+300ã€‚è¢«æŒ–å‡ºåä»ç¬¦å·æ± ç§»é™¤ï¼ˆæ¶ˆé™¤è‡ªèº«ï¼‰
symbols.god_of_speed.name,God of Speed,é€Ÿä¹‹ç¥
symbols.god_of_speed.description,Gain an extra chance to select symbols. Removed from the symbol pool after being dug up (eliminate yourself).,å¢åŠ ä¸€æ¬¡ç¬¦å·é€‰æ‹©çš„æœºä¼šã€‚è¢«æŒ–å‡ºåä»ç¬¦å·æ± ç§»é™¤ï¼ˆæ¶ˆé™¤è‡ªèº«ï¼‰
symbols.god_of_harvest.name,God of Harvest,ä¸°æ”¶ä¹‹ç¥
symbols.god_of_harvest.description,Settle the next gold gain twice (double the profit). Removed from the symbol pool after being dug up (eliminate yourself).,ä¸‹æ¬¡é‡‘å¸æ”¶ç›Šç»“ç®—2æ¬¡ï¼ˆæ”¶ç›Šç¿»å€ï¼‰ã€‚è¢«æŒ–å‡ºåä»ç¬¦å·æ± ç§»é™¤ï¼ˆæ¶ˆé™¤è‡ªèº«ï¼‰
symbols.god_of_luck.name,God of Luck,å¹¸è¿ä¹‹ç¥
symbols.god_of_luck.description,Get an extra dice to use for the next roll (temporary +1 dice). Removed from the symbol pool after being dug up (eliminate yourself).,ä¸‹ä¸€è½¬åŠ¨å¤šä¸€ä¸ªéª°å­å¯ç”¨ï¼ˆä¸´æ—¶+1éª°å­ï¼‰ã€‚è¢«æŒ–å‡ºåä»ç¬¦å·æ± ç§»é™¤ï¼ˆæ¶ˆé™¤è‡ªèº«ï¼‰
symbols.death.name,God of Death,æ­»ç¥
symbols.death.description,Eliminate half the number of symbols in the symbol pool.,æ¶ˆé™¤ç¬¦å·æ± çš„ä¸€åŠæ•°é‡çš„ç¬¦å·
symbols.water_element.name,Water Elemental,æ°´å…ƒç´ 
symbols.water_element.description,Generate a random elemental other than the <color=#080909>Water Elemental</color> into the symbol pool.,ç”Ÿæˆä¸€ä¸ªé™¤<color=#080909>æ°´å…ƒç´ </color>ä¹‹å¤–çš„éšæœºå…ƒç´ åˆ°ç¬¦å·æ± 
symbols.fire_element.name,Fire Elemental,ç«å…ƒç´ 
symbols.fire_element.description,Generate a random elemental other than the <color=#080909>Fire Elemental</color> into the symbol pool.,ç”Ÿæˆä¸€ä¸ªé™¤<color=#080909>ç«å…ƒç´ </color>ä¹‹å¤–çš„éšæœºå…ƒç´ åˆ°ç¬¦å·æ± ã€‚
symbols.thunder_element.name,Thunder Elemental,é›·å…ƒç´ 
symbols.thunder_element.description,Generate a random elemental other than the <color=#080909>Thunder Elemental</color> into the symbol pool.,ç”Ÿæˆä¸€ä¸ªé™¤<color=#080909>é›·å…ƒç´ </color>ä¹‹å¤–çš„éšæœºå…ƒç´ åˆ°ç¬¦å·æ± ã€‚
symbols.ice_element.name,Ice Elemental,å†°å…ƒç´ 
symbols.ice_element.description,Generate a random elemental other than the <color=#080909>Ice Elemental</color> into the symbol pool.,ç”Ÿæˆä¸€ä¸ªé™¤<color=#080909>å†°å…ƒç´ </color>ä¹‹å¤–çš„éšæœºå…ƒç´ åˆ°ç¬¦å·æ± ã€‚
symbols.earth_element.name,Earth Elemental,åœŸå…ƒç´ 
symbols.earth_element.description,Generate a random elemental other than the <color=#080909>Earth Elemental</color> into the symbol pool.,ç”Ÿæˆä¸€ä¸ªé™¤<color=#080909>åœŸå…ƒç´ </color>ä¹‹å¤–çš„éšæœºå…ƒç´ åˆ°ç¬¦å·æ± ã€‚
symbols.rock.name,Stone,çŸ³å¤´
symbols.rock.description,"If there are <color=#E74875>#Tools</color> symbols in the symbol pool, remove yourself from the symbol pool and get 2 random <color=#E74875>#Materials</color> symbols.",å¦‚æœç¬¦å·æ± é‡Œæœ‰<color=#E74875>#å·¥å…·</color>ç¬¦å·ï¼Œä»ç¬¦å·æ± ç§»é™¤è‡ªèº«ï¼Œè·å¾— 2 ä¸ªéšæœº<color=#E74875>#ææ–™</color>ç¬¦å·
symbols.cross.name,Cross,åå­—æ¶
symbols.cross.description,Get a <color=#080909>Hunter</color>.,è·å¾—ä¸€ä¸ª<color=#080909>çŒäºº</color>
symbols.book_of_the_dead.name,Book of the Dead,æ­»äº¡ä¹‹ä¹¦
symbols.book_of_the_dead.description,"Remove yourself and 1 <color=#080909>Cross</color> from the symbol pool, and generate a <color=#AA2ABB>God of Death</color> into the symbol pool.",ä»ç¬¦å·æ± ç§»é™¤è‡ªèº«å’Œ1ä¸ª<color=#080909>åå­—æ¶</color>ï¼Œç”Ÿæˆä¸€ä¸ª<color=#AA2ABB>æ­»ç¥</color>åˆ°ç¬¦å·æ± 
symbols.hypnosis_pendulum.name,Hypnotic Pendulum,å‚¬çœ æ‘†
symbols.hypnosis_pendulum.description,"Remove yourself from the symbol pool and randomly generate one of <color=#147ED9>Princess</color>, <color=#080909>Female Ninja</color> or <color=#080909>Nun</color> into the symbol pool.",ä»ç¬¦å·æ± ç§»é™¤è‡ªèº«ï¼Œéšæœºç”Ÿæˆ<color=#147ED9>å…¬ä¸»</color>æˆ–<color=#080909>å¥³å¿è€…</color>æˆ–<color=#080909>ä¿®å¥³</color>ä¸­çš„ä¸€ä¸ªåˆ°ç¬¦å·æ± 
symbols.dragon_fire_gun.name,Dragon Firearm,é¾™ç«æª
symbols.dragon_fire_gun.description,Eliminate a random <color=#E74875>#Monster</color> from the symbol pool to get 50 gold coins.,æ¶ˆç­ç¬¦å·æ± éšæœºä¸€ä¸ª<color=#E74875>#æ€ªç‰©</color>ï¼Œè·å¾— 50 é‡‘å¸
symbols.rune_armor.name,Rune Armor,ç¬¦æ–‡æŠ¤ç”²
symbols.rune_armor.description,Get 2 random <color=#E74875>#Classic Legends</color> symbols.,è·å¾—2 ä¸ªéšæœº<color=#E74875>#ç»å…¸ä¼ è¯´</color>ç¬¦å·
symbols.dawn_messenger_staff.name,Dawn Messenger Staff,é»æ˜ä¿¡ä½¿æ³•æ–
symbols.dawn_messenger_staff.description,Get a <color=#147ED9>Princess</color>.,è·å¾—ä¸€ä¸ª<color=#147ED9>å…¬ä¸»</color>
symbols.holy_bottle.name,Holy Water Bottle,åœ£æ°´ç“¶
symbols.holy_bottle.description,Get a <color=#AA2ABB>Dice</color> symbol.,è·å¾—ä¸€ä¸ª<color=#AA2ABB>éª°å­</color>ç¬¦å·
symbols.contract_scroll.name,Contract Scroll,å¥‘çº¦å·è½´
symbols.contract_scroll.description,"Remove yourself from the symbol pool and randomly generate one of <color=#147ED9>Forest Fairy</color>, <color=#147ED9>Dark Moon Fairy</color> or <color=#147ED9>Starlight Fairy</color> into the symbol pool.",ä»ç¬¦å·æ± ç§»é™¤è‡ªèº«ï¼Œéšæœºç”Ÿæˆ<color=#147ED9>æ£®æ—å¦–ç²¾</color>æˆ–<color=#147ED9>æš—æœˆå¦–ç²¾</color>æˆ–<color=#147ED9>æ˜Ÿå…‰å¦–ç²¾</color>ä¸­çš„ä¸€ä¸ªåˆ°ç¬¦å·æ± 
symbols.shuriken.name,Shuriken,æ‰‹é‡Œå‰‘
symbols.shuriken.description,"If there are <color=#080909>Female Ninja</color> or <color=#080909>Male Ninja</color> in the symbol pool, get an extra 30 gold coins.",å¦‚æœç¬¦å·æ± é‡Œæœ‰<color=#080909>å¥³å¿è€…</color>æˆ–<color=#080909>ç”·å¿è€…</color>ï¼Œé¢å¤–è·å¾—30é‡‘å¸
symbols.diary.name,Diary,æ—¥è®°
symbols.diary.description,Remove yourself from the symbol pool and generate a <color=#AA2ABB>Vampire</color> into the symbol pool.,ä»ç¬¦å·æ± ç§»é™¤è‡ªèº«ï¼Œç”Ÿæˆä¸€ä¸ª<color=#AA2ABB>å¸è¡€é¬¼</color>åˆ°ç¬¦å·æ± 
symbols.ring.name,Ring,æˆ’æŒ‡
symbols.ring.description,Get 1 random <color=#E74875>#Comfortable Life</color> symbol.,è·å¾—1ä¸ªéšæœº<color=#E74875>#èˆ’é€‚ç”Ÿæ´»</color>ç¬¦å·
symbols.mobile_phone.name,Mobile Phone,æ‰‹æœº
symbols.mobile_phone.description,Get 1 random <color=#E74875>#Comfortable Life</color> symbol.,è·å¾—1ä¸ªéšæœº<color=#E74875>#èˆ’é€‚ç”Ÿæ´»</color>ç¬¦å·
symbols.glasses.name,Glasses,çœ¼é•œ
symbols.glasses.description,Get 1 random <color=#E74875>#Comfortable Life</color> symbol.,è·å¾—1ä¸ªéšæœº<color=#E74875>#èˆ’é€‚ç”Ÿæ´»</color>ç¬¦å·
symbols.tie.name,Bow Tie,é¢†ç»“
symbols.tie.description,Get 1 random <color=#E74875>#Comfortable Life</color> symbol.,è·å¾—1ä¸ªéšæœº<color=#E74875>#èˆ’é€‚ç”Ÿæ´»</color>ç¬¦å·
symbols.magatama.name,Magatama,å‹¾ç‰
symbols.magatama.description,Increase the base value of all future <color=#080909>Symbols</color> by 5.,æœªæ¥æ‰€æœ‰<color=#080909>ç¬¦å·</color>åŸºç¡€ä»·å€¼æå‡ 5
symbols.battery.name,Battery,ç”µæ± 
symbols.battery.description,Remove yourself from the symbol pool and generate a <color=#147ED9>Spaceship</color> into the symbol pool.,ä»ç¬¦å·æ± ç§»é™¤è‡ªèº«ï¼Œç”Ÿæˆä¸€ä¸ª<color=#147ED9>å®‡å®™é£èˆ¹</color>åˆ°ç¬¦å·æ± 
symbols.medical_kit.name,Medical Kit,åŒ»ç–—åŒ…
symbols.medical_kit.description,Get a <color=#080909>Healer</color>.,è·å¾—ä¸€ä¸ª<color=#080909>æ²»ç–—å¸ˆ</color>
symbols.coin.name,Coin,ç¡¬å¸
symbols.coin.description,Eliminate yourself and get 2 random <color=#E74875>Materials</color> symbols.,æ¶ˆé™¤è‡ªèº«ï¼Œè·å¾—2ä¸ªéšæœº<color=#E74875>ææ–™</color>ç¬¦å·
symbols.pillow.name,Pillow,æ•å¤´
symbols.pillow.description,Eliminate 2 symbols other than <color=#E74875>#Comfortable Life</color>.,æ¶ˆé™¤2ä¸ªé™¤<color=#E74875>#èˆ’é€‚ç”Ÿæ´»</color>ä¹‹å¤–çš„ç¬¦å·
symbols.eye_mask.name,Eye Mask,çœ¼ç½©
symbols.eye_mask.description,Eliminate 2 symbols other than <color=#E74875>#Comfortable Life</color>.,æ¶ˆé™¤2ä¸ªé™¤<color=#E74875>#èˆ’é€‚ç”Ÿæ´»</color>ä¹‹å¤–çš„ç¬¦å·
symbols.talisman_paper.name,Talisman Paper,ç¬¦çº¸
symbols.talisman_paper.description,Eliminate the <color=#080909>Werewolf</color> and yourself to get 100 gold coins.,æ¶ˆé™¤<color=#080909>ç‹¼äºº</color>å’Œè‡ªèº«ï¼Œè·å¾— 100 é‡‘å¸
symbols.pumpkin_head.name,Pumpkin Head,å—ç“œå¤´
symbols.pumpkin_head.description,Get a <color=#080909>Child</color>.,è·å¾—ä¸€ä¸ª<color=#080909>å„¿ç«¥</color>
symbols.snowflake.name,Snowflake,é›ªèŠ±
symbols.snowflake.description,Get a <color=#080909>Farmer</color>.,è·å¾—ä¸€ä¸ª<color=#080909>å†œæ°‘</color>
symbols.firecracker.name,Firecracker,é­ç‚®
symbols.firecracker.description,Get a <color=#AA2ABB>Horn</color>.,è·å¾—ä¸€ä¸ª<color=#AA2ABB>å·è§’</color>
symbols.lantern.name,Lantern,ç¯ç¬¼
symbols.lantern.description,Get a <color=#080909>Merchant</color>.,è·å¾—ä¸€ä¸ª<color=#080909>å•†äºº</color>
symbols.toy_duck.name,Rubber Duck,ç©å…·é¸­
symbols.toy_duck.description,Get 1 random <color=#E74875>#Tools</color> symbol.,è·å¾—ä¸€ä¸ªéšæœº<color=#E74875>#å·¥å…·</color> ç¬¦å·
symbols.wine_bottle.name,Wine Bottle,é…’ç“¶
symbols.wine_bottle.description,Get a <color=#080909>Barbarian</color>.,è·å¾—ä¸€ä¸ª<color=#080909>é‡è›®äºº</color>
symbols.briefcase.name,Briefcase,å…¬æ–‡åŒ…
symbols.briefcase.description,Get 1 <color=#080909>Village Chief</color>.,è·å¾—1 ä¸ª<color=#080909>æ‘é•¿</color>
symbols.hoe.name,Axe,æ–§å¤´
symbols.hoe.description,"50% chance to generate 1 <color=#080909>Flower Spirit</color> into the symbol pool, 50% chance to generate 1 <color=#147ED9>Zombie</color> into the symbol pool.",50%æ¦‚ç‡ç”Ÿæˆ1 ä¸ª<color=#080909>èŠ±ç²¾</color>åˆ°ç¬¦å·æ± ï¼Œ50%æ¦‚ç‡ç”Ÿæˆ 1 ä¸ª<color=#147ED9>ä¸§å°¸</color>åˆ°ç¬¦å·æ± 
symbols.horn.name,Horn,å·è§’
symbols.horn.description,Generate 5 <color=#147ED9>Soldiers</color> into the symbol pool.,ç”Ÿæˆ5ä¸ª<color=#147ED9>å£«å…µ</color>åˆ°ç¬¦å·æ± 
symbols.iron_box.name,Iron Chest,é“ç®±å­
symbols.iron_box.description,Get a <color=#080909>Iron Key</color>.,è·å¾—ä¸€ä¸ª<color=#080909>é“é’¥åŒ™</color>
symbols.silver_box.name,Silver Chest,é“¶ç®±å­
symbols.silver_box.description,Get a <color=#147ED9>Silver Key</color>.,è·å¾—ä¸€ä¸ª<color=#147ED9>é“¶é’¥åŒ™</color>
symbols.iron_key.name,Iron Key,é“é’¥åŒ™
symbols.iron_key.description,Eliminate 1 <color=#080909>Iron Chest</color> from the symbol pool to get 50 gold coins.,ä»ç¬¦å·æ± æ¶ˆé™¤ä¸€ä¸ª<color=#080909>é“ç®±å­</color>ï¼Œè·å¾—50é‡‘å¸
symbols.silver_key.name,Silver Key,é“¶é’¥åŒ™
symbols.silver_key.description,Eliminate 1 <color=#147ED9>Silver Chest</color> from the symbol pool to get 100 gold coins.,ä»ç¬¦å·æ± æ¶ˆé™¤ä¸€ä¸ª<color=#147ED9>é“¶ç®±å­</color>ï¼Œè·å¾—100é‡‘å¸
symbols.master_key.name,Master Key,ä¸‡èƒ½é’¥åŒ™
symbols.master_key.description,Eliminate a higher-level chest from the symbol pool (prioritize <color=#147ED9>Silver Chest</color>) to get double the gold coins of the chest.,ä»ç¬¦å·æ± æ¶ˆé™¤ä¸€ä¸ªè¾ƒé«˜ç­‰çº§çš„ç®±å­ï¼ˆä¼˜å…ˆ<color=#147ED9>é“¶ç®±å­</color>ï¼‰ï¼Œè·å¾—ç®±å­åŒå€çš„é‡‘å¸
symbols.flower_fairy.name,Flower Spirit,èŠ±ç²¾
symbols.flower_fairy.description,Eliminate 3 <color=#080909>Flower Spirits</color> from the symbol pool to get 1 <color=#147ED9>Forest Fairy</color>.,æ¶ˆé™¤ç¬¦å·æ± é‡Œçš„3ä¸ª<color=#080909>èŠ±ç²¾</color>ï¼Œè·å¾—1ä¸ª<color=#147ED9>æ£®æ—å¦–ç²¾</color>
symbols.werewolf.name,Werewolf,ç‹¼äºº
symbols.werewolf.description,Eliminate 2 <color=#E74875>#Humans</color> from the symbol pool to get 10 random <color=#E74875>#Tools</color> symbols.,æ¶ˆé™¤ç¬¦å·æ± é‡Œ2 ä¸ª<color=#E74875>#äººç±»</color>ï¼Œè·å¾— 10 ä¸ªä»»æ„<color=#E74875>#å·¥å…·</color>ç¬¦å·
symbols.zombie.name,Zombie,ä¸§å°¸
symbols.zombie.description,Eliminate 1 random <color=#E74875>#Human</color> symbol.,æ¶ˆç­1ä¸ªéšæœº<color=#E74875>#äººç±»</color>ç¬¦å·
symbols.one_eyed_monster.name,Cyclops,ç‹¬çœ¼æ€ª
symbols.one_eyed_monster.description,"Get 30 gold coins when dug up for the first time, 20 gold coins for the second time, decreasing by 10 each time until it reaches 0.",ç¬¬ä¸€æ¬¡è¢«æŒ–å‡ºè·å¾—30é‡‘å¸ï¼Œç¬¬äºŒæ¬¡20é‡‘å¸ï¼Œä¸€ç›´é€’å‡åˆ°0
symbols.gomorrah.name,Gomora,å“¥è«æ‹‰
symbols.gomorrah.description,Randomly eliminate 1 symbol other than itself from the symbol pool to get 50 gold coins.,ä»ç¬¦å·æ± éšæœºæ¶ˆé™¤ä¸€ä¸ªé™¤è‡ªèº«ä»¥å¤–çš„ç¬¦å·ï¼Œè·å¾—50é‡‘å¸
symbols.ray_gun.name,Ray Gun,å…‰çº¿æª
symbols.ray_gun.description,Get 1 random <color=#E74875>#Alien</color> symbol.,è·å¾—éšæœºä¸€ä¸ª<color=#E74875>#å¤–æ˜Ÿ</color>ç¬¦å·
symbols.alien_helmet.name,Alien Helmet,å¤–æ˜Ÿå¤´ç›”
symbols.alien_helmet.description,Get 1 random <color=#E74875>#Alien</color> symbol.,è·å¾—éšæœºä¸€ä¸ª<color=#E74875>#å¤–æ˜Ÿ</color>ç¬¦å·
symbols.spaceship.name,Spaceship,å®‡å®™é£èˆ¹
symbols.spaceship.description,Get 1 random <color=#E74875>#Alien</color> symbol.,è·å¾—éšæœºä¸€ä¸ª<color=#E74875>#å¤–æ˜Ÿ</color>ç¬¦å·
symbols.mind_controller.name,Mind Controller,ç²¾ç¥æ§åˆ¶å™¨
symbols.mind_controller.description,Randomly transform 1 symbol in the symbol pool into a <color=#E74875>#Monster</color> symbol.,éšæœºè½¬åŒ–ç¬¦å·æ± çš„ä¸€ä¸ªç¬¦å·ä¸ºä¸€ä¸ª<color=#E74875>#æ€ªç‰©</color>ç¬¦å·
symbols.meteorite.name,Meteorite,é™¨çŸ³
symbols.meteorite.description,"If there is a <color=#AA2ABB>Gomora</color> in the symbol pool, eliminate the <color=#AA2ABB>Gomora</color> from the symbol pool to get 300 gold coins.",å¦‚æœç¬¦å·æ± é‡Œæœ‰<color=#AA2ABB>å“¥è«æ‹‰</color>ï¼Œä»ç¬¦å·æ± æ¶ˆé™¤<color=#AA2ABB>å“¥è«æ‹‰</color>ï¼Œè·å¾—300é‡‘å¸
symbols.dice.name,Dice,éª°å­
symbols.dice.description,Permanently increase the number of <color=#AA2ABB>Dice</color> by 1. Removed from the symbol pool after being dug up.,æ°¸ä¹…å¢åŠ 1ä¸ª<color=#AA2ABB>éª°å­</color>ï¼ˆéª°å­æ•°é‡+1ï¼‰ã€‚è¢«æŒ–å‡ºåä»ç¬¦å·æ± ç§»é™¤ã€‚
symbols.magic_bag.name,Magic Bag,é­”æ³•è¢‹
symbols.magic_bag.description,Randomly generate 3~5 random symbols into the symbol pool.,éšæœºç”Ÿæˆ3~5ä¸ªéšæœºç¬¦å·åˆ°ç¬¦å·æ± 
symbols.artwork.name,Art Work,è‰ºæœ¯å“
symbols.artwork.description,Generate 5 <color=#080909>Merchants</color>.,ç”Ÿæˆ5ä¸ª<color=#080909>å•†äºº</color>
bonds.child_merchant_bond.name,Child & Merchant Bond,å„¿ç«¥ä¸å•†äººç¾ç»Š
bonds.child_merchant_bond.description,"When you have both Child and Merchant symbols, gain +5 coins per turn",åŒæ—¶æ‹¥æœ‰å„¿ç«¥å’Œå•†äººç¬¦å·æ—¶ï¼Œæ¯å›åˆé¢å¤–è·å¾—+5é‡‘å¸
bonds.vampire_curse_bond.name,Vampire's Curse,å¸è¡€é¬¼çš„è¯…å’’
bonds.vampire_curse_bond.description,"If Vampire and Tie exist simultaneously in symbol pool, lose 50 coins at the start of each turn (triggers at round start)",å¦‚æœå¸è¡€é¬¼ä¸é¢†ç»“åŒæ—¶å­˜åœ¨äºç¬¦å·æ± ï¼Œæ¯å›åˆå¼€å§‹æ—¶å‡å°‘50é‡‘å¸ï¼ˆå›åˆå¼€å§‹æ—¶è§¦å‘ï¼‰
bonds.death_blessing_bond.name,Death's Blessing,æ­»ç¥çš„çœ·é¡¾
bonds.death_blessing_bond.description,"Gain 1000 coins for the next 5 turns, but the game will forcefully end after 5 turns",æ¥ä¸‹æ¥äº”ä¸ªå›åˆæ¯å›åˆè·å¾— 1000 é‡‘å¸ï¼Œä½†æ˜¯äº”ä¸ªå›åˆä¹‹åæ¸¸æˆå¼ºåˆ¶ç»“æŸã€‚
bonds.wolf_hunter_bond.name,Wolf Hunters,æ•ç‹¼é˜Ÿ
bonds.wolf_hunter_bond.description,"If Werewolf and Hoe exist simultaneously in symbol pool, lose 20 coins each turn",å¦‚æœ ç‹¼äººä¸é”„å¤´åŒæ—¶å­˜åœ¨ç¬¦å·æ± ï¼Œæ¯å›åˆéƒ½ä¼šå‡å°‘20é‡‘å¸.
bonds.element_master_bond.name,Element Master,å…ƒç´ æŒæ¡è€…
bonds.element_master_bond.description,"If symbol pool has all five elements, gain 100 coins each turn",å¦‚æœå…ƒç´ æ± é‡Œæ‹¥æœ‰å…¨éƒ¨äº”ç§å…ƒç´ ï¼Œåˆ™æ¯å›åˆè·å¾— 100 é‡‘å¸
bonds.justice_bond.name,Justice Prevails,æ­£ä¹‰å¿…èƒœ
bonds.justice_bond.description,"If Cross and Nun exist simultaneously in symbol pool, gain a Dragon Firearm (if not owned)",å¦‚æœåå­—æ¶å’Œä¿®å¥³åŒæ—¶åœ¨ç¬¦å·æ± å†…ï¼Œè·å¾—ä¸€ä¸ªé¾™ä¹‹ç«é“³ï¼ˆå¦‚æœæœªæ‹¥æœ‰ï¼‰
bonds.apocalypse_bond.name,Apocalypse,ä¸–ç•Œæœ«æ—¥
bonds.apocalypse_bond.description,"If Gomorrah, Zombie, Werewolf, and Vampire exist simultaneously in symbol pool, randomly eliminate half of symbols at the start of next turn and gain 2000 coins",å¦‚æœå“¥è«æ‹‰ï¼Œä¸§å°¸ï¼Œç‹¼äººï¼Œå¸è¡€é¬¼åŒæ—¶åœ¨ç¬¦å·æ± å†…ï¼Œ ä¸‹ä¸ªå›åˆå¼€å§‹æ—¶ï¼Œéšæœºæ¶ˆç­ä¸€åŠçš„ç¬¦å·ï¼Œè·å¾— 2000 é‡‘å¸
bonds.human_extinction_bond.name,Human Extinction,äººç±»ç­ç»
bonds.human_extinction_bond.description,"If Ray Gun, Alien Helmet, Spaceship, and Mind Controller exist simultaneously in symbol pool, eliminate one human at the start of next turn and gain 300 coins",å¦‚æœå…‰çº¿æªï¼Œå¤–æ˜Ÿå¤´ç›”ï¼Œå®‡å®™é£èˆ¹ï¼Œç²¾ç¥æ§åˆ¶å™¨åŒæ—¶åœ¨ç¬¦å·æ± å†…ï¼Œ ä¸‹ä¸ªå›åˆå¼€å§‹æ—¶ï¼Œæ¶ˆç­ä¸€ä¸ªäººç±»ï¼Œè·å¾— 300 é‡‘å¸
bonds.raccoon_city_bond.name,raccoon-city,æµ£ç†Šå¸‚
bonds.raccoon_city_bond.description,Infect one human into a zombie before each mining. Gain +20 coins for each zombie,æ¯æ¬¡æŒ–çŸ¿å‰æ„ŸæŸ“ä¸€ä¸ªäººç±»å˜æˆä¸§å°¸ã€‚æ¯æœ‰ä¸€ä¸ªä¸§å°¸ï¼Œé¢å¤–é‡‘å¸å¢åŠ 20
bonds.human_3_bond.name,human-3,äººç±»Â·ä¸‰äººç»„
bonds.human_3_bond.description,Gain 1 random Human each round.,æ¯å›åˆè·å¾—1ä¸ªéšæœºäººç±»
bonds.human_5_bond.name,human-5,äººç±»Â·äº”äººç»„
bonds.human_5_bond.description,All Human symbols gain +10 base value.,äººç±»ç¬¦å·åŸºç¡€ä»·å€¼+10
bonds.human_10_bond.name,human-10,äººç±»Â·åäººå›¢
bonds.human_10_bond.description,+50 coins per Human in pool on each spin.,ç¬¦å·æ± æ¯æœ‰1ä¸ªäººç±»ï¼Œæ¯æ¬¡è½¬åŠ¨é¢å¤–è·å¾—50é‡‘å¸
bonds.material_2_bond.name,material-2,ææ–™Â·äºŒåˆä¸€
bonds.material_2_bond.description,Each round auto-fuse 2 normal materials into 1 rare.,æ¯å›åˆè‡ªåŠ¨ç†”åˆ2ä¸ªæ™®é€šææ–™ä¸ºç¨€æœ‰ææ–™
bonds.material_4_bond.name,material-4,ææ–™Â·å‡å
bonds.material_4_bond.description,Each round auto-fuse 2 rare materials into 1 epic.,æ¯å›åˆè‡ªåŠ¨ç†”åˆ2ä¸ªç¨€æœ‰ææ–™ä¸ºå²è¯—ææ–™
bonds.cozylife_3_bond.name,cozylife-3,èˆ’é€‚ç”Ÿæ´»Â·æ¸©é¦¨
bonds.cozylife_3_bond.description,Empty tiles gain +5 coins.,æ¯ä¸ªç©ºæ ¼å­æ”¶ç›Š+5
bonds.cozylife_6_bond.name,cozylife-6,èˆ’é€‚ç”Ÿæ´»Â·å¥¢äº«
bonds.cozylife_6_bond.description,Empty tiles gain +25 coins.,æ¯ä¸ªç©ºæ ¼å­æ”¶ç›Š+25
bonds.tools_2_bond.name,tools-2,å·¥å…·Â·æ•æ·
bonds.tools_2_bond.description,"If any die shows 1, gain an extra roll.",æ·å‡º1æ—¶ï¼Œé¢å¤–å†è½¬ä¸€æ¬¡
bonds.tools_4_bond.name,tools-4,å·¥å…·Â·å…¨å¼€
bonds.tools_4_bond.description,"If any die shows 6, auto-mine all unopened tiles.",æ·å‡º6æ—¶ï¼Œè‡ªåŠ¨æŒ–å¼€æ‰€æœ‰æœªç¿»çŸ¿çŸ³
bonds.classictale_2_bond.name,classictale-2,ç»å…¸ä¼ è¯´Â·å¥‡é‡
bonds.classictale_2_bond.description,Mark a random tile as special; its earnings are doubled.,éšæœºä¸€å¤„ç”Ÿæˆç‰¹æ®Šæ ¼å­ï¼Œå…¶æ”¶ç›Šç¿»å€
bonds.classictale_4_bond.name,classictale-4,ç»å…¸ä¼ è¯´Â·è§’è½å®è—
bonds.classictale_4_bond.description,Mining any corner grants +200 coins.,æŒ–åˆ°å››ä¸ªè§’ä¹‹ä¸€ï¼Œå¥–åŠ±200é‡‘å¸
bonds.classictale_6_bond.name,classictale-6,ç»å…¸ä¼ è¯´Â·ä¸­å¿ƒç§˜å®
bonds.classictale_6_bond.description,Mining the center tile grants +400 coins.,æŒ–åˆ°ä¸­å¿ƒæ ¼ï¼Œå¥–åŠ±400é‡‘å¸
